"Item Group Id","Name","Price","GTIN"
"373082166982","ANIMAL CROSSING CITY FOLK COMPLETE","26.50","045496901363"
"373082166982","AMF BOWLING WORLD LANES GAME + CASE","11.98","093155129559"
"373082166982","AMF BOWLING PINBUSTERS! GAME + CASE","11.77","093155126503"
"373082166982","BOOM BLOX BASH PARTY GAME + CASE","11.77","014633192438"
"373082166982","THE BIGGEST LOSER GAME + CASE","3.98","785138302492"
"373082166982","BAKUGAN BATTLE BRAWLERS GAME + CASE","6.33","047875760936"
"373082166982","BIG BEACH SPORTS GAME + CASE","6.98","785138301624"
"373082166982","BASS PRO SHOPS THE STRIKE GAME + CASE","7.66","842892011920"
"373082166982","BARBIE GROOM AND GLAM PUPS GAME + CASE","9.77","785138303857"
"373082166982","BLAZING ANGELS SQUADRONS OF WWII GAME + CASE","5.33","008888172642"
"373082166982","BALLOON POP GAME + CASE","5.77","695771900415"
"373082166982","COUNTRY DANCE GAME + CASE","9.98","834656084851"
"373082166982","COUNTRY DANCE 2 GAME + CASE","12.98","834656085551"
"373082166982","CABELA'S DANGEROUS HUNTS 2009 GAME + CASE","6.33","047875756878"
"373082166982","CABELA'S MONSTER BUCK HUNTER GAME + CASE","6.98","047875761896"
"373082166982","CABELA'S NORTH AMERICAN ADVENTURES GAME + CASE","6.98","047875764309"
"373082166982","CABELA'S DANGEROUS HUNTS 2011 GAME + CASE","6.66","047875764354"
"373082166982","COOKING MAMA WORLD KITCHEN GAME + CASE","9.77","096427015062"
"373082166982","CALL OF BLACK OPS GAME + CASE","11.98","047875840058"
"373082166982","CALL OF DUTY WORLD AT WAR GAME + CASE","7.98","047875834392"
"373082166982","CALL OF DUTY 3 GAME + CASE","7.33","047875816619"
"373082166982","CHICKEN SHOOT GAME + CASE","6.98","802068101350"
"373082166982","DANCE DANCE REVOLUTION HOTTEST PARTY GAME + CASE","7.77","083717400561"
"373082166982","DRAWN TO LIFE THE NEXT CHAPTER GAME + CASE","4.98","785138302270"
"373082166982","DONKEY KONG COUNTRY RETURNS COMPLETE","23.77","045496902001"
"373082166982","DONKEY KONG COUNTY RETURNS GAME + CASE","21.77","045496902001"
"373082166982","DEAL OR NO DEAL GAME + CASE","6.88","802068101381"
"373082166982","DORA SAVES THE SNOW PRINCESS GAME + CASE","6.33","710425344602"
"373082166982","DREAM PINBALL 3D GAME + CASE","7.33","612561100060"
"373082166982","ENDLESS OCEAN GAME + CASE","12.77","045496900427"
"373082166982","FLING SMASH GAME + CASE","7.33","045496902124"
"373082166982","FAMILY FEUD 2010 EDITION GAME + CASE","10.98","008888175698"
"373082166982","GUINNESS WORLD RECORDS THE VIDEOGAAME GAME + CASE","4.98","883929044443"
"373082166982","GOLDS GYM DANCE WORKOUT GAME + CASE","10.33","008888175902"
"373082166982","GUITAR HERO AEROSMITH COMPLETE","10.77","047875953437"
"373082166982","GUITAR HERO WORLD TOUR COMPLETE","15.77","047875955295"
"373082166982","GUITAR HERO III LEGENDS OF ROCK COMPLETE","19.77","does not apply"
"373082166982","GUITAR HERO WARRIORS OF ROCK COMPLETE","32.77","047875961562"
"373082166982","GAME PARTY GAME + CASE","6.77","031719191895"
"373082166982","GAME PARTY 3 GAME + CASE","14.77","883929098699"
"373082166982","HELLO KITTY SEASONS GAME + CASE","8.33","802068103200"
"373082166982","INDIANA JONES AND THE STAFF OF KINGS GAME + CASE","7.98","023272337643"
"373082166982","JEOPARDY GAME + CASE","12.77","785138303727"
"373082166982","JUST DANCE GREATEST HITS GAME + CASE","29.77","008888177272"
"373082166982","JUST DANCE GAME + CASE","8.98","008888175803"
"373082166982","JUST DANCE 2 GAME + CASE","7.77","008888176060"
"373082166982","JUST DANCE 3 GAME + CASE","8.33","008888176770"
"373082166982","JUST DANCE 4 GAME + CASE","15.77","008888177203"
"373082166982","JUST DANCE 2014 GAME + CASE","16.77","008888178224"
"373082166982","JUST DANCE 2016 GAME + CASE","23.77","887256013998"
"373082166982","JUST DANCE DISNEY PARTY GAME + CASE","17.77","008888177210"
"373082166982","JUST DANCE KIDS 2 GAME + CASE","9.77","008888176954"
"373082166982","KARAOKE REVOLUTION GLEE GAME + CASE","4.98","does not apply"
"373082166982","KARAOKE REVOLUTION GLEE VOLUME 2 GAME + CASE","7.77","083717401216"
"373082166982","KIRBYS EPIC YARN GAME + CASE","19.77","045496901998"
"373082166982","LEGO BATMAN THE VIDEO GAME GAME + CASE","7.55","883929020720"
"373082166982","LEGO HARRY POTTER YEARS 5-7 GAME + CASE","17.77","883929186457"
"373082166982","LEGO INDIANA JONES 2 ADVENTURE CONTINUES GAME + CA","7.88","023272339630"
"373082166982","MLB POWER PROS GAME + CASE","10.98","710425343261"
"373082166982","MEDAL OF HONOR VANGUARD GAME + CASE","5.77","014633152883"
"373082166982","MICHAEL JACKSON THE EXPERIENCE COMPLETE","17.77","008888176626"
"373082166982","MARIO KART WII COMPLETE","49.77","045496902377"
"373082166982","MARIO SUPER SLUGGERS COMPLETE","29.77","045496902421"
"373082166982","MONSTER HIGH 13 WISHES GAME + CASE","9.98","815403010255"
"373082166982","MADDEN NFL 07 GAME + CASE","4.77","014633152784"
"373082166982","MADDEN NFL 11 GAME + CASE","5.98","014633193510"
"373082166982","M&M'S KART RACING GAME + CASE","7.98","802068101374"
"373082166982","MARIO & SONIC OLYMPIC WINTER GAMES GAME + CASE","16.98","010086650303"
"373082166982","MARIO & SONIC OLYMPIC GAMES GAME + CASE","15.98","010086650082"
"373082166982","MARIO & SONIC LONDON 2012 OLYMPIC GAMES GAME + CAS","19.77","010086650495"
"373082166982","MONSTER 4X4 WORLD CIRCUIT GAME + CASE","5.77","008888173335"
"373082166982","MONOPLY GAME + CASE","13.77","014633190540"
"373082166982","MASTERS TIGER WOODS PGA TOUR 12 GAME + CASE","29.77","014633195316"
"373082166982","MARIO PARTY 9 COMPLERE","49.77","045496902841"
"373082166982","NEED FOR SPEED CARBON GAME + CASE","11.98","014633152715"
"373082166982","NICKTOONS ATTACK OF THE TOYBOTS GAME + CASE","6.98","785138301327"
"373082166982","NIGHT AT THE MUSUEM BATTLE OF THE SMITHSONIAN","7.98","096427015918"
"373082166982","NORTH AMERICAN HUNTING EXTRAVAGANZA GAME + CASE","5.83","828068212025"
"373082166982","NERF N-STRIKE GAME + CASE","6.33","014633159394"
"373082166982","NBA LIVE 09 ALL PLAY GAME + CASE","4.77","014633158212"
"373082166982","NBA 2K10 GAME + CASE","6.33","710425346392"
"373082166982","NBA 2K13 GAME + CASE","8.77","710425441905"
"373082166982","OKAMI COMPLETE","11.77","013388350070"
"373082166982","PINBALL HALL OF FAME WILLIAMS COLLECTION GAME + CA","9.77","650008400014"
"373082166982","PUSS IN BOOTS GAME + CASE","9.33","785138305493"
"373082166982","PROJECT RUNWAY GAME + CASE","4.33","742725279483"
"373082166982","GREG HASTINGS PAINTBALL 2 GAME + CASE","4.77","096427016502"
"373082166982","PETZ SPORTS GAME + CASE","5.77","008888174387"
"373082166982","PUPPY LUV GAME + CASE","6.88","047875754973"
"373082166982","PETZ HORSEZ 2 GAME + CASE","5.98","008888173717"
"373082166982","LINKS CROSSBOW TRAINING COMPLETE GAME SLEEVE MANUA","6.33","does not apply"
"373082166982","PLANET 51 THE GAME GAME + CASE","5.77","010086650310"
"373082166982","PHINEAS AND FERB ACROSS THE 2ND DIMENSION GAME + C","8.77","712725021566"
"373082166982","PLAYGROUND GAME + CASE","9.66","014633157321"
"373082166982","RAPALA PRO BASS FISHING GAME + CASE","7.98","047875764224"
"373082166982","RAPALA'S FISHING FRENZY GAME + CASE","6.77","047875757653"
"373082166982","ROCK BAND 2 GAME + CASE","9.33","014633191134"
"373082166982","ROCK BAND THE BEATLES COMPLETE","15.77","014633193664"
"373082166982","RAYMAN RAVING RABBIDS TV PARTY GAME + CASE","7.33","008888174950"
"373082166982","RAYMAN RAVING RABBIDS GAME + CASE","5.77","008888173199"
"373082166982","RAYMAN RAVING RABBIDS 2 GAME + CASE","6.98","008888173830"
"373082166982","SUPER MARIO GALAXY COMPLETE","24.77","045496900434"
"373082166982","SONIC RIDERS ZERO GRAVITY COMPLETE","16.77","010086650136"
"373082166982","SUPER MONKEY BALL STEP & ROLL GAME + CASE","10.77","010086650372"
"373082166982","SUPER PAPER MARIO COMPLETE","18.77","045496900151"
"373082166982","SONIC SEGA ALL STARS RACING COMPLETE","14.77","010086650358"
"373082166982","SONIC AND THE BLACK KNIGHT GAME + CASE","15.77","010086650211"
"373082166982","SONIC AND THE SECRET RINGS COMPLETE","10.33","010086650020"
"373082166982","STAR WARS THE CLONE WARS REPUBLIC HEROES GAME + CA","7.33","023272338633"
"373082166982","STAR WARS CLONE WARS LIGHT SABER DUELS GAME + CASE","7.33","023272334635"
"373082166982","STAR WARS THE FORCE UNLEASHED GAME + CASE","6.98","023272332631"
"373082166982","SHAUN WHITE SNOWBOARDING ROAD TRIP GAME + CASE","3.98","008888174301"
"373082166982","SSX BLUR GAME + CASE","5.98","014633156386"
"373082166982","THE SIMPSONS GAME COMPLETE","23.77","014633167726"
"373082166982","MY SIMS AGENTS GAME + CASE","8.98","014633191486"
"373082166982","MY SIMS GAME + CASE","9.98","014633155334"
"373082166982","THE SIMS 3 GAME + CASE","9.98","014633194401"
"373082166982","THE SIMS 2 CASTAWAY GAME + CASE","9.98","014633158199"
"373082166982","TANGLED GAME + CASE","8.98","712725018603"
"373082166982","TEENAGE MUTANT NINJA TURTLES GAME + CASE","9.77","047875767584"
"373082166982","TRANSFORMERS CYBERTRON ADVENTURES GAME + CASE","7.77","047875839090"
"373082166982","TRAUMA CENTER SECOND OPINION COMPLETE","11.77","730865700011"
"373082166982","TIGER WOODS PGA TOUR 11 GAME + CASE","19.77","014633193602"
"373082166982","TIGER WOODS PGA TOUR 07 GAME + CASE","6.33","014633152159"
"373082166982","TIGER WOODS PGA TOUR 08 GAME + CASE","6.55","014633155303"
"373082166982","TOM CLANCY'S GHOST RECON GAME + CASE","7.33","008888176077"
"373082166982","TOY STORY MANIA GAME + CASE","11.77","712725017545"
"373082166982","TONY HAWK RIDE GAME + CASE","4.77","does not apply"
"373082166982","TWILIGHT SCENE IT ? GAME + CASE","4.98","does not apply"
"373082166982","DISNEY UNIVERSE GAME + CASE","7.98","712725018818"
"373082166982","WIPEOUT 2 GAME + CASE","6.98","047875765788"
"373082166982","WWII ACES GAME + CASE","4.77","828068211561"
"373082166982","WE SKI GAME + CASE","6.98","722674800105"
"373082166982","WARIO WARE SMOOTH MOVES GAME + CASE","23.77","045496900038"
"373082166982","WII PLAY GAME + CASE","9.77","045496900069"
"373082166982","WII FIT GAME + CASE","3.98","045496901073"
"373082166982","WII FIT PLUS GAME + CASE","9.33","045496901707"
"373082166982","WII PARTY COMPLETE","49.77","045496901974"
"373082166982","WII PARTY GAME + CASE","47.77","045496901974"
"373082166982","WII PLAY MOTION COMPLETE","26.77","045496902476"
"373082166982","WII MUSIC COMPLETE","6.33","045496901301"
"373082166982","WII SPORTS COMPLETE GAME SLEEVE MANUAL","39.77","does not apply"
"373082166982","YOUR SHAPE FEATURING JENNY MCCARTHY GAME + CASE","3.77","008888175629"
"373082166982","ZHU ZHU PETS FEATURING THE WILD BUNCH GAME + CASE","5.33","047875764385"
"373082166982","ZUMBA FITNESS GAME + CASE","4.98","096427016878"
"373082166982","ZUMBA FITNESS 2 GAME + CASE","5.33","096427017554"
"373082166982","BLOCK PARTY - GAME AND CASE","7.77","047875757035"
"373082166982","BIG LEAGUE SPORTS - GAME AND CASE","6.98","047875757370"
"373082166982","BOOGIE - GAME AND CASE","4.77","014633155327"
"373082166982","CABELAS BIG GAME HUNTER 2012 - GAME AND CASE","7.66","047875765627"
"373082166982","FAMILY FEST MOVIE GAMES - GAME AND CASE","6.28","008888174707"
"373082166982","MADDEN NFL 12 - GAME AND CASE","6.33","014633196474"
"373082166982","MADDEN NFL 13 - GAME AND CASE","8.33","014633197334"
"373082166982","MY WORD COACH - GAME AND CASE","5.33","008888173427"
"373082166982","NFL TRAINING CAMP - GAME AND CASE","5.77","014633194975"
"373082166982","NICKELODEON FIT - GAME AND CASE","11.33","710425348396"
"373082166982","SEGA SUPERSTARS TENNIS - GAME AND CASE","8.98","010086650150"
"373082166982","TRANSFORMERS REVENGE OF THE FALLEN - GAME AND CASE","6.77","047875835979"
"373082166982","ALL STAR CHEER SQUAD - GAME AND CASE","4.98","785138301556"
"373082166982","ANIMAL CROSSING CITY FOLK - GAME AND CASE","23.77","045496901417"
"373082166982","BUILD N RACE - GAME AND CASE","7.33","802068102333"
"373082166982","CARS TOON MATERS TALL TALES - GAME AND CASE","8.77","712725018665"
"373082166982","DANCE DANCE REVOLUTION HOTTEST PARTY 3 - GAME AND","16.33","DOES NOT APPLY"
"373082166982","DISNEY CHANNEL ALL STAR PARTY - GAME AND CASE","10.33","712725018627"
"373082166982","DANCE DANCE REVOLUTION DDR - GAME AND CASE","12.77","083717401131"
"373082166982","FAMILY GAME NIGHT - - GAME AND CASE","11.33","014633190892"
"373082166982","FAMILY GAME NIGHT 4 THE GAME SHOW - GAME AND CASE","15.77","014633196078"
"373082166982","FAMILY GAME NIGHT 3 - GAME AND CASE","14.77","014633194807"
"373082166982","THE GOLDEN COMPASS - GAME AND CASE","4.33","010086650051"
"373082166982","GO DIEGO GO SAFARI RESCUE - - GAME AND CASE","7.76","710425341885"
"373082166982","JILLIANS MICHAELS FITNESS ULTIMATUM 2010 - GAME","5.77","096427016298"
"373082166982","JUST DANCE 2017 - - GAME AND CASE","27.77","887256023034"
"373082166982","JUST DANCE 2019 - GAME AND CASE","39.77","887256036225"
"373082166982","JUST DANCE 2020 - - GAME AND CASE","49.77","887256090937"
"373082166982","LINKS CROSSBOW TRAINING GAME AND SLEEVE","5.77","DOES NOT APPLY"
"373082166982","MARIO SPORTS MIX - GAME AND CASE","29.77","045496902131"
"373082166982","MX VS ATV UNTAMED - GAME AND CASE","7.98","785138301358"
"373082166982","NEW SUPER MARIO BROS WII - GAME AND CASE","29.77","045496901738"
"373082166982","NICKELODEON ICARLY - GAME AND CASE","2.66","047875759831"
"373082166982","NHL 2K9 HOCKEY - GAME AND CASE","4.33","710425344763"
"373082166982","NEED FOR SPEED NITRO - GAME AND CASE","11.33","014633158304"
"373082166982","PIRATES OF THE CARIBBEAN AT WORLDS END - GAME+CASE","7.77","712725004088"
"373082166982","PRINCE OF PERSIA THE FORGOTTEN SANDS - GAME+CASE","7.98","008888175827"
"373082166982","REDSTEEL 2 - COMPLETE GAME CASE MANUAL","18.77","008888174172"
"373082166982","TOY STORY MANIA + 2 3D GLASSES COMPLETE","14.77","712725017545"
"373082166982","WII SPORTS RESORT - GAME AND CASE","39.77","045496901516"
"373082166982","WONDERWORLD AMUSEMENT PARK - GAME AND CASE","6.33","096427015109"
"373082166982","ARCADE SHOOTING GALLERY","11.77","802068102494"
"373082166982","BALLS OF FURY","5.98","802068101220"
"373082166982","BATTALION WARS 2 II - GAME AND CASE","9.77","045496900250"
"373082166982","CAKEMANIA IN THE MIX - GAME AND CASE","7.98","096427015314"
"373082166982","CABELAS LEGENDARY ADVENTURES - GAME AND CASE","7.98","047875756632"
"373082166982","DORA SAVES THE CRYSTAL KINGDOM - GAME AND CASE","7.33","710425346705"
"373082166982","DORAS BIG BIRTHDAY ADVENTURE - GAME AND CASE","8.77","710425348310"
"373082166982","FACEBREAK KNOCKOUT K.O PARTY - COMPLETE","10.77","014633190465"
"373082166982","FAMILY FUED DECADES - GAME AND CASE","10.77","008888176190"
"373082166982","JUST DANCE 2018","29.77","887256028251"
"373082166982","METROID OTHER M","22.77","045496901912"
"373082166982","MARIO SUPER SLUGGERS - GAME AND CASE","29.77","045496901165"
"373082166982","PRO EVOLUTION SOCCER 2013 PES SOCCER 13","9.77","083717401377"
"373082166982","SONIC COLORS - GAME AND CASE","17.77","010086650426"
"373082166982","ALVIN AND THE CHIPMUNKS THE SQUEAKQUEL GAME + CASE","8.98","096427016366"
"373082166982","BIGFOOT KING OF CRUSH - GAME AND CASE","19.77","802068103897"
"373082166982","CRUIS'N - GAME AND CASE","19.77","031719191932"
"373082166982","DESTROY ALL HUMANS BIG WILLY UNLEASHED GAME AND CA","8.98","785138301365"
"373082166982","THE DESTINY OF ZORRO - GAME AND CASE","7.98","812872012049"
"373082166982","FIFA SOCCER 11 - GAME AND CASE","6.98","014633193183"
"373082166982","G.I. JOE RISE OF THE COBRA GAME AND CASE","6.77","014633191394"
"373082166982","IRON MAN 2 GAME AND CASE","7.77","010086650365"
"373082166982","LEGEND OF ZELDA SKYWARD SWORD COMPLETE WITH CD","29.77","045496902674"
"373082166982","RAMPAGE TOTAL DESTRUCTION - COMPLETE","12.77","031719191741"
"373082166982","SUPER SWING GOLF - COMPLETE","9.33","018946010496"
"373082166982","SQUEEBALLS PARTY - GAME AND CASE","6.98","708056080211"
"373082166982","SCOOBY AND THE SPOOKY SWAMP - GAME AND CASE","21.77","883929151080"
"373082166982","SCORE INTERNATIONAL BAHA 1000 - GAME AND CASE","7.77","047875756793"
"373082166982","SIM CITY CREATOR - GAME AND CASE","8.98","014633190717"
"373082166982","SAINT - GAME AND CASE","7.77","695771900538"
"373082166982","SHONEN JUMP BLEACH SHATTERED BLADE - GAME AND CASE","17.33","010086650068"
"373082166982","WII MUSIC - GAME AND CASE","5.98","045496901301"
"373082166982","WRECK IT RALPH - GAME AND CASE","8.77","047875769724"
"373082166982","THE ADVENTURES OF TIN TIN - GAME AND CASE","8.77",
"373082166982","BACKYARD FOOTBALL 09 - GAME AND CASE","7.98",
"373082166982","BIG BEACH SPORTS 2 - GAME AND CASE","8.98",
"373082166982","CELEBRITY SPORTS SHOWDOWN - GAME AND CASE","6.33",
"373082166982","CHRONICLES OF NARNIA PRINCE CASPIAN - GAME AND CAS","7.98",
"373082166982","DESPICABLE ME THE GAME - GAME AND CASE","11.98",
"373082166982","FIT IN SIX - GAME AND CASE","7.33",
"373082166982","FAMILY PARTY WINTER FUN 30 GREAT GAMES","9.98",
"373082166982","GHOSTBUSTERS THE VIDEO GAME - GAME AND CASE","10.33",
"373082166982","GALLOP & RIDE - GAME AND CASE","8.77",
"373082166982","GO PLAY CIRCUS STAR - GAME AND CASE","5.33",
"373082166982","HAPPY FEET - GAME AND CASE","5.77",
"373082166982","HOT WHEELS BATTLE FORCE 5 - GAME AND CASE","8.98",
"373082166982","JUMP START CRAZY KARTS - GAME AND CASE","14.77",
"373082166982","I SPY 2 PACK ULTIMATE + SPOOKY MANSION","11.77",
"373082166982","IMAGINE FASHION PARTY - GAME AND CASE","5.98",
"373082166982","JUMP START PET RESCUE - GAME AND CASE","9.33",
"373082166982","JUST DANCE DISNEY PARTY 2 - GAME AND CASE","15.77",
"373082166982","MONKEY MISCHIEF PARTY TIME - GAME AND CASE","6.98",
"373082166982","MORTAL KOMBAT ARMAGEDDON - GAME AND CASE","17.77",
"373082166982","MONSTER JAM - GAME AND CASE","7.98",
"373082166982","NINJABREAD MAN - GAME AND CASE","8.98",
"373082166982","PETZ RESCUE WILDLIFE VET - GAME AND CASE","9.77",
"373082166982","PRO EVOLUTION SOCCER 12 2012 - GAME AND CASE","8.98",
"373082166982","SPONGEBOB SQUAREPANTS PLANKTONS ROBOTIC REVENGE","8.98",
"373082166982","SUPER PICKUPS TRUCK RACING - GAME AND CASE","11.77",
"373082166982","TOMB RAIDER ANNIVERSARY LARA CROFT - GAME AND CASE","10.33",
"373082166982","WIPEOUT CREATE & CRASH - GAME AND CASE","7.77",
"373082166982","WE CHEER 2 - GAME AND CASE","8.77",
"373082166982","WORLD SERIES OF POKER TOURNAMENT OF CHAMPIONS","7.33",
"115562491949","Destiny: The Taken King Legendary Edition","5.52",
"115562491949","DJ Hero","4.24",
"115562491949","DJ Hero 2","6.79",
"115562491949","Final Fantasy XIII","10.19",
"115562491949","Fuse","11.04",
"115562491949","Madden NFL 10","2.97",
"115562491949","MLB 08: The Show","5.09",
"115562491949","NCAA March Madness 08","14.44",
"115562491949","NBA 2K9","2.97",
"115562491949","NHL 11","8.49",
"115562491949","Saints Row: The Third","4.24",
"115562491949","Singstar + Dance","9.34",
"115562491949","Skylanders: Giants","9.34",
"115562491949","Skylanders Trap Team","4.24",
"115562491949","Sports Champions","4.67",
"115562491949","Tiger Woods PGA Tour 10","5.52",
"115562491949","Uncharted 3: Drake's Deception","5.94",